{"options":{"check_for_updates":true,"comment":null,"compatopts_for_requires":true,"compat_wrappedjsobject":false,"compat_metadata":false,"compat_foreach":false,"compat_prototypes":false,"noframes":null,"run_at":null,"override":{"use_includes":[],"orig_includes":["https://download.csdn.net/*","/https?://blog.csdn.net/[^/]+/article/details/.*/","/https?://lib.csdn.net/article/.*/"],"merge_includes":true,"use_matches":[],"orig_matches":[],"merge_matches":true,"use_excludes":[],"orig_excludes":[],"merge_excludes":true,"use_connects":[],"merge_connects":true,"use_blockers":[],"orig_run_at":"document-body","orig_noframes":null}},"settings":{"enabled":true,"position":17},"meta":{"name":"AC-CSDN自动展开-CSDN自动评论-去广告","uuid":"b6692875-08e6-416b-ada0-8f4e5937c96a","modified":1626142910094,"file_url":"https://greasyfork.org/scripts/13468-ac-csdn%E8%87%AA%E5%8A%A8%E5%B1%95%E5%BC%80-csdn%E8%87%AA%E5%8A%A8%E8%AF%84%E8%AE%BA-%E5%8E%BB%E5%B9%BF%E5%91%8A/code/AC-CSDN%E8%87%AA%E5%8A%A8%E5%B1%95%E5%BC%80-CSDN%E8%87%AA%E5%8A%A8%E8%AF%84%E8%AE%BA-%E5%8E%BB%E5%B9%BF%E5%91%8A.user.js"}}