{"options":{"check_for_updates":true,"comment":null,"compatopts_for_requires":true,"compat_wrappedjsobject":false,"compat_metadata":false,"compat_foreach":false,"compat_prototypes":false,"noframes":null,"run_at":null,"override":{"use_includes":[],"orig_includes":[],"merge_includes":true,"use_matches":[],"orig_matches":["https://blog.csdn.net/*/article/details/*"],"merge_matches":true,"use_excludes":[],"orig_excludes":[],"merge_excludes":true,"use_connects":[],"merge_connects":true,"use_blockers":[],"orig_run_at":"document-idle","orig_noframes":null}},"settings":{"enabled":true,"position":8},"meta":{"name":"CSDN免登录复制","uuid":"ad0eb440-f5d0-4ec7-8904-57203743ba8b","modified":1626142499416,"file_url":"https://greasyfork.org/scripts/411919-csdn%E5%85%8D%E7%99%BB%E5%BD%95%E5%A4%8D%E5%88%B6/code/CSDN%E5%85%8D%E7%99%BB%E5%BD%95%E5%A4%8D%E5%88%B6.user.js"}}