{"options":{"check_for_updates":true,"comment":null,"compatopts_for_requires":true,"compat_wrappedjsobject":false,"compat_metadata":false,"compat_foreach":false,"compat_prototypes":false,"noframes":null,"run_at":null,"override":{"use_includes":[],"orig_includes":[],"merge_includes":true,"use_matches":[],"orig_matches":["http://*.github.com/*","https://*.github.com/*"],"merge_matches":true,"use_excludes":[],"orig_excludes":[],"merge_excludes":true,"use_connects":[],"merge_connects":true,"use_blockers":[],"orig_run_at":"document-end","orig_noframes":null}},"settings":{"enabled":true,"position":7},"meta":{"name":"GitHub 菜单汉化","uuid":"ffbf4825-6d4d-4588-bfa2-999a813dd35b","modified":1626142480825,"file_url":"https://greasyfork.org/scripts/387537-github-%E8%8F%9C%E5%8D%95%E6%B1%89%E5%8C%96/code/GitHub%20%E8%8F%9C%E5%8D%95%E6%B1%89%E5%8C%96.user.js"}}