{"options":{"check_for_updates":true,"comment":null,"compatopts_for_requires":true,"compat_wrappedjsobject":false,"compat_metadata":false,"compat_foreach":false,"compat_prototypes":false,"noframes":null,"run_at":null,"override":{"use_includes":[],"orig_includes":[],"merge_includes":true,"use_matches":[],"orig_matches":["https://y.qq.com/portal/player.html"],"merge_matches":true,"use_excludes":[],"orig_excludes":[],"merge_excludes":true,"use_connects":[],"merge_connects":true,"use_blockers":[],"orig_run_at":"document-idle","orig_noframes":null}},"settings":{"enabled":true,"position":12},"meta":{"name":"QQ音乐付费音乐流畅版本下载","uuid":"f504086b-71e5-430d-b2cf-65d921aeab5a","modified":1626142557291,"file_url":"https://greasyfork.org/scripts/28082-qq%E9%9F%B3%E4%B9%90%E4%BB%98%E8%B4%B9%E9%9F%B3%E4%B9%90%E6%B5%81%E7%95%85%E7%89%88%E6%9C%AC%E4%B8%8B%E8%BD%BD/code/QQ%E9%9F%B3%E4%B9%90%E4%BB%98%E8%B4%B9%E9%9F%B3%E4%B9%90%E6%B5%81%E7%95%85%E7%89%88%E6%9C%AC%E4%B8%8B%E8%BD%BD.user.js"}}