{"options":{"check_for_updates":true,"comment":null,"compatopts_for_requires":true,"compat_wrappedjsobject":false,"compat_metadata":false,"compat_foreach":false,"compat_prototypes":false,"noframes":null,"run_at":null,"override":{"use_includes":[],"orig_includes":["*://music.163.com/*song*","*://y.qq.com/*/song/*","*://*.kugou.com/song/*","*://*.kuwo.cn/*","*://*.xiami.com/*","*://music.taihe.com/song*","*://*.1ting.com/player*","*://music.migu.cn/v*","*://*.qingting.fm/*","*://*.ximalaya.com/*"],"merge_includes":true,"use_matches":[],"orig_matches":["https://www.attackmen.com/*"],"merge_matches":true,"use_excludes":[],"orig_excludes":[],"merge_excludes":true,"use_connects":[],"merge_connects":true,"use_blockers":[],"orig_run_at":"document-end","orig_noframes":null}},"settings":{"enabled":true,"position":16},"meta":{"name":"【太极登陆】支持全网音乐收听和【快速】下载，支持QQ音乐,酷狗音乐，酷我音乐，虾米音乐等等【实时更新最低延迟ssr，无需注册，简单方便】去除二维码ssr,直接获取并排序ssr链接","uuid":"315aaa57-2cde-4040-92c6-8676c4df528c","modified":1626142881725,"file_url":"https://greasyfork.org/scripts/392285-%E5%A4%AA%E6%9E%81%E7%99%BB%E9%99%86-%E6%94%AF%E6%8C%81%E5%85%A8%E7%BD%91%E9%9F%B3%E4%B9%90%E6%94%B6%E5%90%AC%E5%92%8C-%E5%BF%AB%E9%80%9F-%E4%B8%8B%E8%BD%BD-%E6%94%AF%E6%8C%81qq%E9%9F%B3%E4%B9%90-%E9%85%B7%E7%8B%97%E9%9F%B3%E4%B9%90-%E9%85%B7%E6%88%91%E9%9F%B3%E4%B9%90-%E8%99%BE%E7%B1%B3%E9%9F%B3%E4%B9%90%E7%AD%89%E7%AD%89-%E5%AE%9E%E6%97%B6%E6%9B%B4%E6%96%B0%E6%9C%80%E4%BD%8E%E5%BB%B6%E8%BF%9Fssr-%E6%97%A0%E9%9C%80%E6%B3%A8%E5%86%8C-%E7%AE%80%E5%8D%95%E6%96%B9%E4%BE%BF-%E5%8E%BB%E9%99%A4%E4%BA%8C%E7%BB%B4%E7%A0%81ssr-%E7%9B%B4%E6%8E%A5%E8%8E%B7%E5%8F%96%E5%B9%B6%E6%8E%92%E5%BA%8Fssr%E9%93%BE%E6%8E%A5/code/%E3%80%90%E5%A4%AA%E6%9E%81%E7%99%BB%E9%99%86%E3%80%91%E6%94%AF%E6%8C%81%E5%85%A8%E7%BD%91%E9%9F%B3%E4%B9%90%E6%94%B6%E5%90%AC%E5%92%8C%E3%80%90%E5%BF%AB%E9%80%9F%E3%80%91%E4%B8%8B%E8%BD%BD%EF%BC%8C%E6%94%AF%E6%8C%81QQ%E9%9F%B3%E4%B9%90,%E9%85%B7%E7%8B%97%E9%9F%B3%E4%B9%90%EF%BC%8C%E9%85%B7%E6%88%91%E9%9F%B3%E4%B9%90%EF%BC%8C%E8%99%BE%E7%B1%B3%E9%9F%B3%E4%B9%90%E7%AD%89%E7%AD%89%E3%80%90%E5%AE%9E%E6%97%B6%E6%9B%B4%E6%96%B0%E6%9C%80%E4%BD%8E%E5%BB%B6%E8%BF%9Fssr%EF%BC%8C%E6%97%A0%E9%9C%80%E6%B3%A8%E5%86%8C%EF%BC%8C%E7%AE%80%E5%8D%95%E6%96%B9%E4%BE%BF%E3%80%91%E5%8E%BB%E9%99%A4%E4%BA%8C%E7%BB%B4%E7%A0%81ssr,%E7%9B%B4%E6%8E%A5%E8%8E%B7%E5%8F%96%E5%B9%B6%E6%8E%92%E5%BA%8Fssr%E9%93%BE%E6%8E%A5.user.js"}}