{"options":{"check_for_updates":true,"comment":null,"compatopts_for_requires":true,"compat_wrappedjsobject":false,"compat_metadata":false,"compat_foreach":false,"compat_prototypes":false,"noframes":null,"run_at":null,"override":{"use_includes":[],"orig_includes":[],"merge_includes":true,"use_matches":[],"orig_matches":["*://cloud.189.cn/*"],"merge_matches":true,"use_excludes":[],"orig_excludes":[],"merge_excludes":true,"use_connects":[],"merge_connects":true,"use_blockers":[],"orig_run_at":"document-idle","orig_noframes":null}},"settings":{"enabled":true,"position":10},"meta":{"name":"天翼云盘下载助手","uuid":"49fd2075-8bf3-4484-9329-3d206e1ddce6","modified":1626142538969,"file_url":"https://greasyfork.org/scripts/370220-%E5%A4%A9%E7%BF%BC%E4%BA%91%E7%9B%98%E4%B8%8B%E8%BD%BD%E5%8A%A9%E6%89%8B/code/%E5%A4%A9%E7%BF%BC%E4%BA%91%E7%9B%98%E4%B8%8B%E8%BD%BD%E5%8A%A9%E6%89%8B.user.js"}}