{"options":{"check_for_updates":true,"comment":null,"compatopts_for_requires":true,"compat_wrappedjsobject":false,"compat_metadata":false,"compat_foreach":false,"compat_prototypes":false,"noframes":null,"run_at":null,"override":{"use_includes":[],"orig_includes":["*://v.youku.com/v_*","*://m.youku.com/v*","*://m.youku.com/a*","*://*.iqiyi.com/v_*","*://*.iqiyi.com/w_*","*://*.iqiyi.com/a_*","*://*.iqiyi.com/dianying/*","*://*.le.com/ptv/vplay/*","*v.qq.com/x/cover/*","*v.qq.com/x/page/*","*v.qq.com/play*","*://*.tudou.com/listplay/*","*://*.tudou.com/albumplay/*","*://*.tudou.com/programs/view/*","*://*.mgtv.com/b/*","*://film.sohu.com/album/*","*://tv.sohu.com/*","*://*.acfun.cn/v/*","*://*.bilibili.com/video/*","*://*.bilibili.com/anime/*","*://*.bilibili.com/bangumi/play/*","*://vip.pptv.com/show/*","*://v.pptv.com/show/*","*://*.baofeng.com/play/*","*://v.yinyuetai.com/video/*","*://v.yinyuetai.com/playlist/*"],"merge_includes":true,"use_matches":[],"orig_matches":[],"merge_matches":true,"use_excludes":[],"orig_excludes":[],"merge_excludes":true,"use_connects":[],"merge_connects":true,"use_blockers":[],"orig_run_at":"document-idle","orig_noframes":null}},"settings":{"enabled":true,"position":20},"meta":{"name":"奇讯视频解析-免费看全网VIP视频及付费电影破解去广告,支持直接搜索。","uuid":"40d72332-9dc7-441c-9cd8-2b74a2b4d37c","modified":1626142976212,"file_url":"https://greasyfork.org/scripts/380357-%E5%A5%87%E8%AE%AF%E8%A7%86%E9%A2%91%E8%A7%A3%E6%9E%90-%E5%85%8D%E8%B4%B9%E7%9C%8B%E5%85%A8%E7%BD%91vip%E8%A7%86%E9%A2%91%E5%8F%8A%E4%BB%98%E8%B4%B9%E7%94%B5%E5%BD%B1%E7%A0%B4%E8%A7%A3%E5%8E%BB%E5%B9%BF%E5%91%8A-%E6%94%AF%E6%8C%81%E7%9B%B4%E6%8E%A5%E6%90%9C%E7%B4%A2/code/%E5%A5%87%E8%AE%AF%E8%A7%86%E9%A2%91%E8%A7%A3%E6%9E%90-%E5%85%8D%E8%B4%B9%E7%9C%8B%E5%85%A8%E7%BD%91VIP%E8%A7%86%E9%A2%91%E5%8F%8A%E4%BB%98%E8%B4%B9%E7%94%B5%E5%BD%B1%E7%A0%B4%E8%A7%A3%E5%8E%BB%E5%B9%BF%E5%91%8A,%E6%94%AF%E6%8C%81%E7%9B%B4%E6%8E%A5%E6%90%9C%E7%B4%A2%E3%80%82.user.js"}}