{"options":{"check_for_updates":true,"comment":null,"compatopts_for_requires":true,"compat_wrappedjsobject":false,"compat_metadata":false,"compat_foreach":false,"compat_prototypes":false,"noframes":null,"run_at":null,"override":{"use_includes":[],"orig_includes":[],"merge_includes":true,"use_matches":[],"orig_matches":["*://*/*"],"merge_matches":true,"use_excludes":[],"orig_excludes":[],"merge_excludes":true,"use_connects":[],"merge_connects":true,"use_blockers":[],"orig_run_at":"document-end","orig_noframes":null}},"settings":{"enabled":true,"position":22},"meta":{"name":"显示当前网站所有可用的油猴脚本【没有bug，不更新】","uuid":"ea20f6c3-e6cc-4972-a66a-3117486b5963","modified":1626143042628,"file_url":"https://greasyfork.org/scripts/406753-%E6%98%BE%E7%A4%BA%E5%BD%93%E5%89%8D%E7%BD%91%E7%AB%99%E6%89%80%E6%9C%89%E5%8F%AF%E7%94%A8%E7%9A%84%E6%B2%B9%E7%8C%B4%E8%84%9A%E6%9C%AC-%E6%B2%A1%E6%9C%89bug-%E4%B8%8D%E6%9B%B4%E6%96%B0/code/%E6%98%BE%E7%A4%BA%E5%BD%93%E5%89%8D%E7%BD%91%E7%AB%99%E6%89%80%E6%9C%89%E5%8F%AF%E7%94%A8%E7%9A%84%E6%B2%B9%E7%8C%B4%E8%84%9A%E6%9C%AC%E3%80%90%E6%B2%A1%E6%9C%89bug%EF%BC%8C%E4%B8%8D%E6%9B%B4%E6%96%B0%E3%80%91.user.js"}}