{"options":{"check_for_updates":true,"comment":null,"compatopts_for_requires":true,"compat_wrappedjsobject":false,"compat_metadata":false,"compat_foreach":false,"compat_prototypes":false,"noframes":null,"run_at":null,"override":{"use_includes":[],"orig_includes":[],"merge_includes":true,"use_matches":[],"orig_matches":["*://wenku.baidu.com/view/*"],"merge_matches":true,"use_excludes":[],"orig_excludes":[],"merge_excludes":true,"use_connects":[],"merge_connects":true,"use_blockers":[],"orig_run_at":"document-start","orig_noframes":null}},"settings":{"enabled":true,"position":23},"meta":{"name":"某度文库解析下载, 文库下载解析, 文库doc下载","uuid":"218913dd-3e35-4886-a0ca-fe379feb4826","modified":1626143055383,"file_url":"https://greasyfork.org/scripts/426846-%E6%9F%90%E5%BA%A6%E6%96%87%E5%BA%93%E8%A7%A3%E6%9E%90%E4%B8%8B%E8%BD%BD-%E6%96%87%E5%BA%93%E4%B8%8B%E8%BD%BD%E8%A7%A3%E6%9E%90-%E6%96%87%E5%BA%93doc%E4%B8%8B%E8%BD%BD/code/%E6%9F%90%E5%BA%A6%E6%96%87%E5%BA%93%E8%A7%A3%E6%9E%90%E4%B8%8B%E8%BD%BD,%20%E6%96%87%E5%BA%93%E4%B8%8B%E8%BD%BD%E8%A7%A3%E6%9E%90,%20%E6%96%87%E5%BA%93doc%E4%B8%8B%E8%BD%BD.user.js"}}