{"options":{"check_for_updates":true,"comment":null,"compatopts_for_requires":true,"compat_wrappedjsobject":false,"compat_metadata":false,"compat_foreach":false,"compat_prototypes":false,"noframes":null,"run_at":null,"override":{"use_includes":[],"orig_includes":["http://bbs.3dmgame.com/*","http://www.3dmgame.com/*","http://dl.3dmgame.com/*","http://game.ali213.net/*","http://down.ali213.net/*","http://gl.ali213.net/*","http://0day.ali213.net/*","http://www.ali213.net/*","http://bt.ali213.net/*","http://zhidao.ali213.net/*","http://patch.ali213.net/*","http://web.ali213.net/*","http://v.ali213.net/*","http://pic.ali213.net/*","http://xyx.ali213.net/*","http://tv.ali213.net/*","http://pk.ali213.net/*"],"merge_includes":true,"use_matches":[],"orig_matches":[],"merge_matches":true,"use_excludes":[],"orig_excludes":["http://adan.homepage/","http://www.ali213.net/vote*"],"merge_excludes":true,"use_connects":[],"merge_connects":true,"use_blockers":[],"orig_run_at":"document-end","orig_noframes":null}},"settings":{"enabled":true,"position":13},"meta":{"name":"游侠3DM去广告","uuid":"7054ed26-eaf8-45be-be3a-bb9c7c99a8a3","modified":1626142570621,"file_url":"https://greasyfork.org/scripts/17168-%E6%B8%B8%E4%BE%A03dm%E5%8E%BB%E5%B9%BF%E5%91%8A/code/%E6%B8%B8%E4%BE%A03DM%E5%8E%BB%E5%B9%BF%E5%91%8A.user.js"}}