{"data":{"episodeObj":"o{\"websiteTitle\":\"iqiyi\",\"episodeList\":[{\"aText\":1,\"href\":\"http://www.iqiyi.com/v_1um89ar5v5s.html\",\"description\":\"戴小雨澎湃分手\"},{\"aText\":2,\"href\":\"http://www.iqiyi.com/v_thvyudi61w.html\",\"description\":\"小雨鲍雪结识尤珊珊\"},{\"aText\":3,\"href\":\"http://www.iqiyi.com/v_1gh5aaz57nc.html\",\"description\":\"戴小雨加入柴勇公司\"},{\"aText\":4,\"href\":\"http://www.iqiyi.com/v_1g6hkwczses.html\",\"description\":\"戴小雨入住鲍雪家\"},{\"aText\":5,\"href\":\"http://www.iqiyi.com/v_wa70vp9wm0.html\",\"description\":\"尤珊珊拉鲍雪入股\"},{\"aText\":6,\"href\":\"http://www.iqiyi.com/v_kwtjkj80ss.html\",\"description\":\"刘梁周约戴小雨吃饭\"},{\"aText\":7,\"href\":\"http://www.iqiyi.com/v_f4n0khmc8c.html\",\"description\":\"小雨请俞颂阳设计餐厅\"},{\"aText\":8,\"href\":\"http://www.iqiyi.com/v_2efxhecaydo.html\",\"description\":\"冯希雇佣赵赫男被拒\"},{\"aText\":9,\"href\":\"http://www.iqiyi.com/v_1q8xrqj88nw.html\",\"description\":\"赵赫男入职北辙南辕\"},{\"aText\":10,\"href\":\"http://www.iqiyi.com/v_14jdbqy9tuk.html\",\"description\":\"鲍雪俞颂阳意外重逢\"}],\"originVideoUrl\":\"https://www.iqiyi.com/v_2efxhecaydo.html?vfrm=pcw_playpage&vfrmblk=D&vfrmrst=80521_listbox_positive\"}"},"ts":1626144774235}