{"options":{"check_for_updates":true,"comment":null,"compatopts_for_requires":true,"compat_wrappedjsobject":false,"compat_metadata":false,"compat_foreach":false,"compat_prototypes":false,"noframes":null,"run_at":null,"override":{"use_includes":[],"orig_includes":[],"merge_includes":true,"use_matches":[],"orig_matches":["https://pan.baidu.com/*","https://pan.baidu.com/*"],"merge_matches":true,"use_excludes":[],"orig_excludes":[],"merge_excludes":true,"use_connects":[],"merge_connects":true,"use_blockers":[],"orig_run_at":"document-idle","orig_noframes":null}},"settings":{"enabled":true,"position":9},"meta":{"name":"百度网盘一键重命名当前目录","uuid":"d8f95011-9ea4-48af-ace5-0d6d0528e43a","modified":1626142532136,"file_url":"https://greasyfork.org/scripts/370757-%E7%99%BE%E5%BA%A6%E7%BD%91%E7%9B%98%E4%B8%80%E9%94%AE%E9%87%8D%E5%91%BD%E5%90%8D%E5%BD%93%E5%89%8D%E7%9B%AE%E5%BD%95/code/%E7%99%BE%E5%BA%A6%E7%BD%91%E7%9B%98%E4%B8%80%E9%94%AE%E9%87%8D%E5%91%BD%E5%90%8D%E5%BD%93%E5%89%8D%E7%9B%AE%E5%BD%95.user.js"}}