{"options":{"check_for_updates":true,"comment":null,"compatopts_for_requires":true,"compat_wrappedjsobject":false,"compat_metadata":false,"compat_foreach":false,"compat_prototypes":false,"noframes":null,"run_at":null,"override":{"use_includes":[],"orig_includes":[],"merge_includes":true,"use_matches":[],"orig_matches":["*://wenku.baidu.com/view/*"],"merge_matches":true,"use_excludes":[],"orig_excludes":[],"merge_excludes":true,"use_connects":[],"merge_connects":true,"use_blockers":[],"orig_run_at":"document-end","orig_noframes":null}},"settings":{"enabled":true,"position":11},"meta":{"name":"百度文库文字复制（改）","uuid":"beed111d-9b8c-4850-a5eb-53c435b75348","modified":1626142547474,"file_url":"https://greasyfork.org/scripts/403850-%E7%99%BE%E5%BA%A6%E6%96%87%E5%BA%93%E6%96%87%E5%AD%97%E5%A4%8D%E5%88%B6-%E6%94%B9/code/%E7%99%BE%E5%BA%A6%E6%96%87%E5%BA%93%E6%96%87%E5%AD%97%E5%A4%8D%E5%88%B6%EF%BC%88%E6%94%B9%EF%BC%89.user.js"}}