{"options":{"check_for_updates":true,"comment":null,"compatopts_for_requires":true,"compat_wrappedjsobject":false,"compat_metadata":false,"compat_foreach":false,"compat_prototypes":false,"noframes":null,"run_at":null,"override":{"use_includes":[],"orig_includes":["https://wenku.baidu.com/view/*"],"merge_includes":true,"use_matches":[],"orig_matches":[],"merge_matches":true,"use_excludes":[],"orig_excludes":[],"merge_excludes":true,"use_connects":[],"merge_connects":true,"use_blockers":[],"orig_run_at":"document-idle","orig_noframes":null}},"settings":{"enabled":true,"position":24},"meta":{"name":"百度文库显示全文防止跳转","uuid":"4477b1c6-5b85-49a3-b2a4-4dd3a60568bc","modified":1626143070683,"file_url":"https://greasyfork.org/scripts/429126-%E7%99%BE%E5%BA%A6%E6%96%87%E5%BA%93%E6%98%BE%E7%A4%BA%E5%85%A8%E6%96%87%E9%98%B2%E6%AD%A2%E8%B7%B3%E8%BD%AC/code/%E7%99%BE%E5%BA%A6%E6%96%87%E5%BA%93%E6%98%BE%E7%A4%BA%E5%85%A8%E6%96%87%E9%98%B2%E6%AD%A2%E8%B7%B3%E8%BD%AC.user.js"}}