{"options":{"check_for_updates":true,"comment":null,"compatopts_for_requires":true,"compat_wrappedjsobject":false,"compat_metadata":false,"compat_foreach":false,"compat_prototypes":false,"noframes":null,"run_at":null,"override":{"use_includes":[],"orig_includes":["http://www.360doc.com/content/*","http://www.360doc.com/document/*"],"merge_includes":true,"use_matches":[],"orig_matches":[],"merge_matches":true,"use_excludes":[],"orig_excludes":[],"merge_excludes":true,"use_connects":[],"merge_connects":true,"use_blockers":[],"orig_run_at":"document-idle","orig_noframes":null}},"settings":{"enabled":true,"position":19},"meta":{"name":"破解360doc防复制系统","uuid":"7ee6b5a7-af0a-46fe-96cc-c450aea810de","modified":1626142954446,"file_url":"https://greasyfork.org/scripts/12591-%E7%A0%B4%E8%A7%A3360doc%E9%98%B2%E5%A4%8D%E5%88%B6%E7%B3%BB%E7%BB%9F/code/%E7%A0%B4%E8%A7%A3360doc%E9%98%B2%E5%A4%8D%E5%88%B6%E7%B3%BB%E7%BB%9F.user.js"}}