{"options":{"check_for_updates":true,"comment":null,"compatopts_for_requires":true,"compat_wrappedjsobject":false,"compat_metadata":false,"compat_foreach":false,"compat_prototypes":false,"noframes":null,"run_at":null,"override":{"use_includes":[],"orig_includes":[],"merge_includes":true,"use_matches":[],"orig_matches":["https://www.baidu.com/*","https://baike.baidu.com/*","https://tieba.baidu.com/*","https://wenku.baidu.com/*","https://zhidao.baidu.com/*","https://image.baidu.com/*"],"merge_matches":true,"use_excludes":[],"orig_excludes":[],"merge_excludes":true,"use_connects":[],"merge_connects":true,"use_blockers":[],"orig_run_at":"document-idle","orig_noframes":null}},"settings":{"enabled":true,"position":4},"meta":{"name":"移除百度广告、热搜和推荐（专注集中、防止干扰）","uuid":"cbd49445-1a8c-4660-855c-3a5ed4f6c8d5","modified":1626141456364,"file_url":"https://greasyfork.org/scripts/421719-%E7%A7%BB%E9%99%A4%E7%99%BE%E5%BA%A6%E5%B9%BF%E5%91%8A-%E7%83%AD%E6%90%9C%E5%92%8C%E6%8E%A8%E8%8D%90-%E4%B8%93%E6%B3%A8%E9%9B%86%E4%B8%AD-%E9%98%B2%E6%AD%A2%E5%B9%B2%E6%89%B0/code/%E7%A7%BB%E9%99%A4%E7%99%BE%E5%BA%A6%E5%B9%BF%E5%91%8A%E3%80%81%E7%83%AD%E6%90%9C%E5%92%8C%E6%8E%A8%E8%8D%90%EF%BC%88%E4%B8%93%E6%B3%A8%E9%9B%86%E4%B8%AD%E3%80%81%E9%98%B2%E6%AD%A2%E5%B9%B2%E6%89%B0%EF%BC%89.user.js"}}