{"options":{"check_for_updates":true,"comment":null,"compatopts_for_requires":true,"compat_wrappedjsobject":false,"compat_metadata":false,"compat_foreach":false,"compat_prototypes":false,"noframes":null,"run_at":null,"override":{"use_includes":[],"orig_includes":[],"merge_includes":true,"use_matches":[],"orig_matches":["*://xbeibeix.com/api/bilibili*","*://v.qq.com/x/cover/*","*://v.qq.com/x/page/*","*://www.iqiyi.com/v*","*://www.iqiyi.com/*","*://www.iqiyi.com/kszt/*","*://v.youku.com/v_show/*","*://w.mgtv.com/b/*","*://www.mgtv.com/b/*","*://tv.sohu.com/v/*","*://film.sohu.com/album/*","*://www.le.com/ptv/vplay/*","*://v.pptv.com/show/*","*://vip.pptv.com/show/*","*://www.acfun.cn/v/*","*://www.bilibili.com/video/*","*://www.bilibili.com/anime/*","*://www.bilibili.com/bangumi/play/*","*://vip.1905.com/play/*","*://www.wasu.cn/Play/show/*"],"merge_matches":true,"use_excludes":[],"orig_excludes":[],"merge_excludes":true,"use_connects":[],"merge_connects":true,"use_blockers":[],"orig_run_at":"document-idle","orig_noframes":null}},"settings":{"enabled":true,"position":18},"meta":{"name":"腾讯视频、爱奇艺、优酷、芒果TV、乐视、PPTV、Bilibili解锁大会员、A站B站视频下载等几乎全网VIP会员视频解析脚本，持续完善更新","uuid":"fcf061db-3536-4553-8fcf-a980bf4a50e7","modified":1626142931064,"file_url":"https://greasyfork.org/scripts/426094-%E8%85%BE%E8%AE%AF%E8%A7%86%E9%A2%91-%E7%88%B1%E5%A5%87%E8%89%BA-%E4%BC%98%E9%85%B7-%E8%8A%92%E6%9E%9Ctv-%E4%B9%90%E8%A7%86-pptv-bilibili%E8%A7%A3%E9%94%81%E5%A4%A7%E4%BC%9A%E5%91%98-a%E7%AB%99b%E7%AB%99%E8%A7%86%E9%A2%91%E4%B8%8B%E8%BD%BD%E7%AD%89%E5%87%A0%E4%B9%8E%E5%85%A8%E7%BD%91vip%E4%BC%9A%E5%91%98%E8%A7%86%E9%A2%91%E8%A7%A3%E6%9E%90%E8%84%9A%E6%9C%AC-%E6%8C%81%E7%BB%AD%E5%AE%8C%E5%96%84%E6%9B%B4%E6%96%B0/code/%E8%85%BE%E8%AE%AF%E8%A7%86%E9%A2%91%E3%80%81%E7%88%B1%E5%A5%87%E8%89%BA%E3%80%81%E4%BC%98%E9%85%B7%E3%80%81%E8%8A%92%E6%9E%9CTV%E3%80%81%E4%B9%90%E8%A7%86%E3%80%81PPTV%E3%80%81Bilibili%E8%A7%A3%E9%94%81%E5%A4%A7%E4%BC%9A%E5%91%98%E3%80%81A%E7%AB%99B%E7%AB%99%E8%A7%86%E9%A2%91%E4%B8%8B%E8%BD%BD%E7%AD%89%E5%87%A0%E4%B9%8E%E5%85%A8%E7%BD%91VIP%E4%BC%9A%E5%91%98%E8%A7%86%E9%A2%91%E8%A7%A3%E6%9E%90%E8%84%9A%E6%9C%AC%EF%BC%8C%E6%8C%81%E7%BB%AD%E5%AE%8C%E5%96%84%E6%9B%B4%E6%96%B0.user.js"}}