{"options":{"check_for_updates":true,"comment":null,"compatopts_for_requires":true,"compat_wrappedjsobject":false,"compat_metadata":false,"compat_foreach":false,"compat_prototypes":false,"noframes":null,"run_at":null,"override":{"use_includes":[],"orig_includes":[],"merge_includes":true,"use_matches":[],"orig_matches":["*://ssrtool.us/tool/free_ssr*","*://usky.ml/tool/free_ssr*","*://www.youneed.win/free-*"],"merge_matches":true,"use_excludes":[],"orig_excludes":[],"merge_excludes":true,"use_connects":[],"merge_connects":true,"use_blockers":[],"orig_run_at":"document-idle","orig_noframes":null}},"settings":{"enabled":true,"position":14},"meta":{"name":"自动获取所有SSR","uuid":"84bdce5f-7a05-4a56-a5bb-a5fa2775a6b0","modified":1626142577514,"file_url":"https://greasyfork.org/scripts/388200-%E8%87%AA%E5%8A%A8%E8%8E%B7%E5%8F%96%E6%89%80%E6%9C%89ssr/code/%E8%87%AA%E5%8A%A8%E8%8E%B7%E5%8F%96%E6%89%80%E6%9C%89SSR.user.js"}}