{"options":{"check_for_updates":true,"comment":null,"compatopts_for_requires":true,"compat_wrappedjsobject":false,"compat_metadata":false,"compat_foreach":false,"compat_prototypes":false,"noframes":null,"run_at":null,"override":{"use_includes":[],"orig_includes":["*"],"merge_includes":true,"use_matches":[],"orig_matches":[],"merge_matches":true,"use_excludes":[],"orig_excludes":[],"merge_excludes":true,"use_connects":[],"merge_connects":true,"use_blockers":[],"orig_run_at":"document-idle","orig_noframes":null}},"settings":{"enabled":true,"position":15},"meta":{"name":"🔥🔥🔥超级工具🔥🔥🔥","uuid":"9825380c-513c-42e0-ada1-ced28419323a","modified":1626142856277,"file_url":"https://greasyfork.org/scripts/426302-%E8%B6%85%E7%BA%A7%E5%B7%A5%E5%85%B7/code/%F0%9F%94%A5%F0%9F%94%A5%F0%9F%94%A5%E8%B6%85%E7%BA%A7%E5%B7%A5%E5%85%B7%F0%9F%94%A5%F0%9F%94%A5%F0%9F%94%A5.user.js"}}